id,season,week,seasonType,startDate,startTimeTBD,completed,neutralSite,conferenceGame,attendance,venueId,venue,homeId,homeTeam,homeClassification,homeConference,homePoints,homeLineScores,homePostgameWinProbability,homePregameElo,homePostgameElo,awayId,awayTeam,awayClassification,awayConference,awayPoints,awayLineScores,awayPostgameWinProbability,awayPregameElo,awayPostgameElo,excitementIndex,highlights,notes,playoff
401520162,2023,1,regular,2023-09-02T16:00:00.000Z,False,True,False,False,109480,3558,Michigan Stadium,130,Michigan,fbs,Big Ten,30,"[7, 16, 7, 0]",0.9838669896125793,1916,1941,151,East Carolina,fbs,American Athletic,3,"[0, 0, 0, 3]",0.016133010387420654,1506,1481,1.9907809851504554,,,
401520202,2023,2,regular,2023-09-09T19:30:00.000Z,False,True,False,False,109482,3558,Michigan Stadium,130,Michigan,fbs,Big Ten,35,"[7, 14, 14, 0]",0.9916186332702637,1941,1951,2439,UNLV,fbs,Mountain West,7,"[0, 0, 0, 7]",0.008381366729736328,1350,1340,2.108362012216072,,,
401520232,2023,3,regular,2023-09-16T23:30:00.000Z,False,True,False,False,109955,3558,Michigan Stadium,130,Michigan,fbs,Big Ten,31,"[7, 7, 17, 0]",0.9785053730010986,1951,1944,189,Bowling Green,fbs,Mid-American,6,"[0, 6, 0, 0]",0.021494626998901367,1246,1253,2.8348395193114713,,,
401520260,2023,4,regular,2023-09-23T16:00:00.000Z,False,True,False,True,109756,3558,Michigan Stadium,130,Michigan,fbs,Big Ten,31,"[7, 7, 10, 7]",0.9865456223487854,1944,1953,164,Rutgers,fbs,Big Ten,7,"[7, 0, 0, 0]",0.0134543776512146,1444,1435,2.878787663769023,,,
401520286,2023,5,regular,2023-09-30T19:30:00.000Z,False,True,False,True,87134,3834,"Memorial Stadium (Lincoln, NE)",158,Nebraska,fbs,Big Ten,7,"[0, 0, 0, 7]",0.00673071201890707,1483,1432,130,Michigan,fbs,Big Ten,45,"[14, 14, 7, 10]",0.9932692879810929,1953,2004,2.376103760375073,,,
401520303,2023,6,regular,2023-10-07T23:30:00.000Z,False,True,False,True,52179,3953,Huntington Bank Stadium,135,Minnesota,fbs,Big Ten,10,"[3, 7, 0, 0]",0.00038818725686502444,1649,1571,130,Michigan,fbs,Big Ten,52,"[10, 14, 21, 7]",0.9996118127431349,2004,2082,2.6349960001,,,
401520321,2023,7,regular,2023-10-14T16:00:00.000Z,False,True,False,True,110264,3558,Michigan Stadium,130,Michigan,fbs,Big Ten,52,"[0, 21, 17, 14]",0.9902434945106506,2082,2123,84,Indiana,fbs,Big Ten,7,"[7, 0, 0, 0]",0.009756505489349365,1360,1319,2.8721755661931594,,,
401520340,2023,8,regular,2023-10-21T23:30:00.000Z,False,True,False,True,74206,3936,Spartan Stadium,127,Michigan State,fbs,Big Ten,0,"[0, 0, 0, 0]",0.0019051043782383204,1462,1401,130,Michigan,fbs,Big Ten,49,"[14, 14, 14, 7]",0.9980948956217617,2123,2184,4.317715638884165,,,
401520368,2023,10,regular,2023-11-04T23:30:00.000Z,False,True,False,True,110245,3558,Michigan Stadium,130,Michigan,fbs,Big Ten,41,"[17, 3, 7, 14]",0.9668740630149841,2184,2180,2509,Purdue,fbs,Big Ten,13,"[0, 6, 0, 7]",0.03312593698501587,1444,1448,1.9840633555723588,,,
401520394,2023,11,regular,2023-11-11T17:00:00.000Z,False,True,False,True,110856,3632,Beaver Stadium,213,Penn State,fbs,Big Ten,15,"[3, 6, 0, 6]",0.04380204528570175,2039,2032,130,Michigan,fbs,Big Ten,24,"[0, 14, 3, 7]",0.9561979547142982,2180,2187,3.9989478945946364,,,
401520410,2023,12,regular,2023-11-18T17:00:00.000Z,False,True,False,True,49546,3665,SECU Stadium,120,Maryland,fbs,Big Ten,24,"[3, 7, 14, 0]",0.00804046355187893,1596,1623,130,Michigan,fbs,Big Ten,31,"[16, 7, 6, 2]",0.9919595364481211,2187,2160,4.996409152194839,,,
401520434,2023,13,regular,2023-11-25T17:00:00.000Z,False,True,False,True,110615,3558,Michigan Stadium,130,Michigan,fbs,Big Ten,30,"[7, 7, 10, 6]",0.8578894138336182,2160,2165,194,Ohio State,fbs,Big Ten,24,"[3, 7, 7, 7]",0.14211058616638184,2113,2108,4.43762936113148,,,
401539480,2023,14,regular,2023-12-03T01:00:00.000Z,False,True,True,True,67842,3812,Lucas Oil Stadium,2294,Iowa,fbs,Big Ten,0,"[0, 0, 0, 0]",0.01917589083313942,1675,1666,130,Michigan,fbs,Big Ten,26,"[10, 0, 10, 6]",0.9808241091668606,2165,2174,2.5930054253916217,,Big Ten Championship,
401551786,2023,1,postseason,2024-01-01T22:00:00.000Z,False,True,True,False,96371,1056,Rose Bowl,130,Michigan,fbs,Big Ten,27,"[7, 6, 0, 7, 7]",0.7880709767341614,2174,2181,333,Alabama,fbs,SEC,20,"[7, 3, 0, 10, 0]",0.21192902326583862,2039,2032,6.782818738425242,,CFP Semifinal at the Rose Bowl Game Pres. by Prudential,"{'competition': 'cfp', 'format': 'four_team', 'round': 'semifinal', 'roundName': 'Semifinal', 'bracketSlot': 'SF1', 'homeSeed': 1, 'awaySeed': 4, 'bowlName': 'Rose Bowl'}"
401551789,2023,1,postseason,2024-01-09T00:30:00.000Z,False,True,True,False,72808,3891,NRG Stadium,130,Michigan,fbs,Big Ten,34,"[14, 3, 3, 14]",0.93558669090271,2181,2210,264,Washington,fbs,Pac-12,13,"[3, 7, 3, 0]",0.06441330909729004,1908,1879,3.4415034001724045,,CFP National Championship Pres. by AT&T,"{'competition': 'cfp', 'format': 'four_team', 'round': 'championship', 'roundName': 'National Championship', 'bracketSlot': 'CH', 'homeSeed': 1, 'awaySeed': 2, 'bowlName': None}"
